handle,type,layer,block,color,linetype,closed,radius,text,tag,x,y
2204,VIEWPORT,0,,BYLAYER,,,,,,,
10485,VIEWPORT,Defpoints,,BYLAYER,,,,,,,
12179,TEXT,DCCD-text,,BYLAYER,,,,%%UKÝ HI\U+1EC6U,,309.586,25.634
1217D,TEXT,DCCD-text,,BYLAYER,,,,%%UKÝ HI\U+1EC6U,,309.586,25.634
1217E,TEXT,DCCD-text,,BYLAYER,,,,èng tho¸t n­íc xÝ,,330.661,19.242
1217F,TEXT,DCCD-text,,BYLAYER,,,,èng tho¸t n­íc röa,,330.661,15.499
12180,TEXT,DCCD-text,,BYLAYER,,,,- èNG THO¸T N¦íC SÏ §¦îC BäC B¶O ¤N TI£U ¢M DµY 25MM.,,309.042,10.371
12181,MLINE,P-ThoatRua,,BYLAYER,,,0.900,,,309.384,16.498
12182,MLINE,P-ThoatXi,,BYLAYER,,,0.900,,,309.384,19.984
1FC17,INSERT,0,A3-1-1-ISO3TGROUP,250,,,,,,0.000,0.000
1FC18,ATTRIB,0,,BYLAYER,,,,,DD/MM/YYYY,384.000,280.000
1FC19,ATTRIB,0,,BYLAYER,,,,,...........HDTV,384.000,283.000
1FC1A,ATTRIB,0,,BYLAYER,,,,              5/2026,XX/YY/ZZZZ,390.000,9.000
1FC1B,ATTRIB,0,,BYLAYER,,,,ME-TN-T01,KHBV,378.405,15.000
1FC1C,ATTRIB,0,,BYLAYER,,,,M\U+1EB6T B\U+1EB0NG H\U+1EC6 TH\U+1ED0NG,TENBANVE1,370.791,31.238
1FC1E,ATTRIB,0,,BYLAYER,,,,,KIENTRUC1-ARCHITECTURE,385.170,60.158
1FC20,ATTRIB,0,,BYLAYER,,,,KTS. TÔ XUÂN SANG,VE2,365.803,64.927
1FC22,ATTRIB,0,,BYLAYER,,,,KTS. LÊ THANH LONG,VE1,365.803,79.927
1FC24,ATTRIB,0,,BYLAYER,,,,KTS. LÊ TR\U+1ECCNG HI\U+1EBEU,THIETKE,365.803,95.045
1FC26,ATTRIB,0,,BYLAYER,,,,KTS. LÊ TR\U+1ECCNG HI\U+1EBEU,CHUTRIBOMON,365.803,110.045
1FC28,ATTRIB,0,,BYLAYER,,,,,CHUNHIEM,366.000,125.158
1FC2A,SEQEND,0,,250,,,,,,,
3007,INSERT,RSA -HACK,B_MBT2,BYLAYER,,,,,,-3747546.627,-1041540.316
6129,INSERT,RSA -HACK,B_MBT1,BYLAYER,,,,,,-3800391.458,-1041540.316
638B,INSERT,P-ThoatRua,*U46,BYLAYER,,,,,,-3731272.230,-1055441.406
638C,ATTRIB,0,,BYLAYER,,,,"Cút, PPR, DN90",CUTDENHAT,-3731272.230,-1055441.406
638D,SEQEND,P-ThoatRua,,BYLAYER,,,,,,,
65D4,INSERT,P-ThoatRua,*U57,BYLAYER,,,,,,-3731272.230,-1055441.406
65D5,ATTRIB,0,,BYLAYER,,,,"Ch\U+1EBFch, uPVC, DN90",CHECHDENHAT,-3731272.230,-1055442.453
65D6,SEQEND,P-ThoatRua,,BYLAYER,,,,,,,
6715,INSERT,P-ThoatRua,*U58,BYLAYER,,,,,,-3731149.359,-1055441.406
673F,ATTRIB,0,,BYLAYER,,,,"Ch\U+1EBFch, uPVC, DN90",CHECHDENHAT,-3731149.359,-1055442.452
6740,SEQEND,P-ThoatRua,,BYLAYER,,,,,,,
6821,INSERT,P-ThoatRua,chechdenhatD90,BYLAYER,,,,,,-3730381.277,-1055441.406
6822,ATTRIB,0,,BYLAYER,,,,"Ch\U+1EBFch, uPVC, DN90",CHECHDENHAT,-3730382.323,-1055441.406
6823,SEQEND,P-ThoatRua,,BYLAYER,,,,,,,
6824,INSERT,P-ThoatRua,chechdenhatD90,BYLAYER,,,,,,-3730279.453,-1055339.582
6825,ATTRIB,0,,BYLAYER,,,,"Ch\U+1EBFch, uPVC, DN90",CHECHDENHAT,-3730280.193,-1055340.322
6826,SEQEND,P-ThoatRua,,BYLAYER,,,,,,,
6A63,INSERT,P-ThoatXi,*U80,BYLAYER,,,,,,-3731262.044,-1055285.340
6A64,ATTRIB,0,,BYLAYER,,,,"Ch\U+1EBFch, uPVC, DN110",CHECHDENHAT,-3731262.044,-1055285.359
6A65,SEQEND,P-ThoatXi,,BYLAYER,,,,,,,
6B8B,INSERT,P-ThoatXi,*U81,BYLAYER,,,,,,-3731031.638,-1055285.340
6BBE,ATTRIB,0,,BYLAYER,,,,"Ch\U+1EBFch, uPVC, DN110",CHECHDENHAT,-3731031.638,-1055285.321
6BBF,SEQEND,P-ThoatXi,,BYLAYER,,,,,,,
6D0E,INSERT,P-ThoatXi,*U82,BYLAYER,,,,,,-3730517.894,-1055285.340
6D41,ATTRIB,0,,BYLAYER,,,,"Ch\U+1EBFch, uPVC, DN110",CHECHDENHAT,-3730517.875,-1055285.340
6D42,SEQEND,P-ThoatXi,,BYLAYER,,,,,,,
6E63,INSERT,P-ThoatXi,*U82,BYLAYER,,,,,,-3730390.275,-1055158.882
6E96,ATTRIB,0,,BYLAYER,,,,"Ch\U+1EBFch, uPVC, DN110",CHECHDENHAT,-3730390.261,-1055158.868
6E97,SEQEND,P-ThoatXi,,BYLAYER,,,,,,,
6F92,INSERT,P-ThoatRua,*U83,BYLAYER,,,,,,-3730279.453,-1053518.839
6F93,ATTRIB,0,,BYLAYER,,,,"Ch\U+1EBFch, uPVC, DN90",CHECHDENHAT,-3730279.360,-1053519.886
6F94,SEQEND,P-ThoatRua,,BYLAYER,,,,,,,
6FFA,INSERT,P-ThoatRua,*U84,BYLAYER,,,,,,-3729967.684,-1053207.070
7024,ATTRIB,0,,BYLAYER,,,,"Ch\U+1EBFch, uPVC, DN90",CHECHDENHAT,-3729968.424,-1053207.810
7025,SEQEND,P-ThoatRua,,BYLAYER,,,,,,,
7085,INSERT,P-ThoatRua,*U85,BYLAYER,,,,,,-3729964.507,-1052608.534
70AF,ATTRIB,0,,BYLAYER,,,,"Ch\U+1EBFch, uPVC, DN90",CHECHDENHAT,-3729965.554,-1052608.534
70B0,SEQEND,P-ThoatRua,,BYLAYER,,,,,,,
717E,INSERT,P-ThoatRua,*U86,BYLAYER,,,,,,-3729964.507,-1052571.100
71A8,ATTRIB,0,,BYLAYER,,,,"Ch\U+1EBFch, uPVC, DN90",CHECHDENHAT,-3729965.554,-1052571.100
71A9,SEQEND,P-ThoatRua,,BYLAYER,,,,,,,
7251,INSERT,P-ThoatRua,*U87,BYLAYER,,,,,,-3729967.684,-1052526.552
727B,ATTRIB,0,,BYLAYER,,,,"Ch\U+1EBFch, uPVC, DN90",CHECHDENHAT,-3729967.684,-1052525.506
727C,SEQEND,P-ThoatRua,,BYLAYER,,,,,,,
7393,INSERT,P-ThoatRua,*U88,BYLAYER,,,,,,-3730340.341,-1052523.375
73BD,ATTRIB,0,,BYLAYER,,,,"Ch\U+1EBFch, uPVC, DN90",CHECHDENHAT,-3730340.341,-1052524.422
73BE,SEQEND,P-ThoatRua,,BYLAYER,,,,,,,
748D,INSERT,P-ThoatXi,*U89,BYLAYER,,,,,,-3730389.453,-1053448.032
74C0,ATTRIB,0,,BYLAYER,,,,"Ch\U+1EBFch, uPVC, DN110",CHECHDENHAT,-3730389.360,-1053448.013
74C1,SEQEND,P-ThoatXi,,BYLAYER,,,,,,,
7610,INSERT,P-ThoatXi,*U90,BYLAYER,,,,,,-3730115.916,-1053172.125
7643,ATTRIB,0,,BYLAYER,,,,"Ch\U+1EBFch, uPVC, DN110",CHECHDENHAT,-3730116.009,-1053172.148
7644,SEQEND,P-ThoatXi,,BYLAYER,,,,,,,
78F5,INSERT,P-ThoatXi,*U108,BYLAYER,,,,,,-3731243.904,-1055049.911
78F6,ATTRIB,0,,BYLAYER,,,,"Ch\U+1EBFch, uPVC, DN140",CHECHDENHAT,-3731243.904,-1055048.716
78F7,SEQEND,P-ThoatXi,,BYLAYER,,,,,,,
7A48,INSERT,P-ThoatXi,*U109,BYLAYER,,,,,,-3730666.112,-1055049.911
7A75,ATTRIB,0,,BYLAYER,,,,"Ch\U+1EBFch, uPVC, DN140",CHECHDENHAT,-3730667.307,-1055049.911
7A76,SEQEND,P-ThoatXi,,BYLAYER,,,,,,,
7B73,INSERT,P-ThoatXi,*U109,BYLAYER,,,,,,-3730524.453,-1054908.490
7BA0,ATTRIB,0,,BYLAYER,,,,"Ch\U+1EBFch, uPVC, DN140",CHECHDENHAT,-3730525.299,-1054909.335
7BA1,SEQEND,P-ThoatXi,,BYLAYER,,,,,,,
7BA3,INSERT,P-ThoatXi,*U110,BYLAYER,,,,,,-3730524.453,-1053359.347
7BD0,ATTRIB,0,,BYLAYER,,,,"Ch\U+1EBFch, uPVC, DN140",CHECHDENHAT,-3730524.360,-1053360.543
7BD1,SEQEND,P-ThoatXi,,BYLAYER,,,,,,,
7D20,INSERT,P-ThoatXi,*U111,BYLAYER,,,,,,-3730287.281,-1053122.175
7D4D,ATTRIB,0,,BYLAYER,,,,"Ch\U+1EBFch, uPVC, DN140",CHECHDENHAT,-3730287.424,-1053120.984
7D4E,SEQEND,P-ThoatXi,,BYLAYER,,,,,,,
7FBA,MULTILEADER,Leader,,BYLAYER,,,,WP-uPVC-D90;I=1%,,-3728348.142,-1056831.276
806B,INSERT,0-9,A3-1-1-ISO3TGROUP,9,,,,,,-3761239.764,-1068289.509
806C,ATTRIB,0,,BYLAYER,,,,,DD/MM/YYYY,-3721417.541,-1039252.472
806D,ATTRIB,0,,BYLAYER,,,,,...........HDTV,-3721417.541,-1038941.361
806E,ATTRIB,0,,BYLAYER,,,,              3/2023,XX/YY/ZZZZ,-3720795.319,-1067356.176
806F,ATTRIB,0,,BYLAYER,,,,CTN-01,KHBV,-3721590.381,-1066733.954
8070,ATTRIB,0,,BYLAYER,,,,,TENBANVE1,-3722979.786,-1064939.687
8072,ATTRIB,0,,BYLAYER,,,,,KIENTRUC1-ARCHITECTURE,-3721296.176,-1062050.951
8074,ATTRIB,0,,BYLAYER,,,,KTS. TÔ XUÂN SANG,VE2,-3723304.602,-1061556.297
8076,ATTRIB,0,,BYLAYER,,,,KTS. LÊ THANH LONG,VE1,-3723304.602,-1060000.796
8078,ATTRIB,0,,BYLAYER,,,,KTS. LÊ TR\U+1ECCNG HI\U+1EBEU,THIETKE,-3723304.602,-1058432.982
807A,ATTRIB,0,,BYLAYER,,,,KTS. LÊ TR\U+1ECCNG HI\U+1EBEU,CHUTRIBOMON,-3723304.602,-1056877.427
807C,ATTRIB,0,,BYLAYER,,,,,CHUNHIEM,-3723284.208,-1055310.210
807E,SEQEND,0-9,,9,,,,,,,
84A2,INSERT,P-ThoatRua,*U124,BYLAYER,,,,,,-3730668.713,-1054712.826
84A3,ATTRIB,0,,BYLAYER,,,,"Ch\U+1EBFch, uPVC, DN125",CHECHDENHAT,-3730669.531,-1054713.616
84A4,SEQEND,P-ThoatRua,,BYLAYER,,,,,,,
8575,INSERT,P-ThoatRua,*U125,BYLAYER,,,,,,-3730811.365,-1054852.995
85A0,ATTRIB,0,,BYLAYER,,,,"Ch\U+1EBFch, uPVC, DN125",CHECHDENHAT,-3730811.332,-1054852.961
85A1,SEQEND,P-ThoatRua,,BYLAYER,,,,,,,
877A,INSERT,P-ThoatRua,*U126,BYLAYER,,,,,,-3731257.312,-1054852.995
87A5,ATTRIB,0,,BYLAYER,,,,"Ch\U+1EBFch, uPVC, DN125",CHECHDENHAT,-3731257.312,-1054851.859
87A6,SEQEND,P-ThoatRua,,BYLAYER,,,,,,,
8930,INSERT,P-ThoatRua,*U127,BYLAYER,,,,,,-3730670.499,-1053259.101
895B,ATTRIB,0,,BYLAYER,,,,"Ch\U+1EBFch, uPVC, DN125",CHECHDENHAT,-3730670.399,-1053259.131
895C,SEQEND,P-ThoatRua,,BYLAYER,,,,,,,
8A89,INSERT,P-ThoatRua,*U128,BYLAYER,,,,,,-3730530.081,-1053116.367
8A8A,ATTRIB,0,,BYLAYER,,,,"Ch\U+1EBFch, uPVC, DN125",CHECHDENHAT,-3730530.175,-1053115.231
8A8B,SEQEND,P-ThoatRua,,BYLAYER,,,,,,,
8C67,INSERT,P-ThoatRua,*U129,BYLAYER,,,,,,-3730530.318,-1052779.085
8C92,ATTRIB,0,,BYLAYER,,,,"Ch\U+1EBFch, uPVC, DN125",CHECHDENHAT,-3730529.182,-1052778.991
8C93,SEQEND,P-ThoatRua,,BYLAYER,,,,,,,
9AB7,INSERT,P-ThoatRua,*U158,BYLAYER,,,,,,-3730530.318,-1052561.448
9AB8,ATTRIB,0,,BYLAYER,,,,"Y \U+0111\U+1EC1u, uPVC, DN125",YTIENPHONGTHOAT,-3730530.318,-1052561.448
9AB9,SEQEND,P-ThoatRua,,BYLAYER,,,,,,,
9C20,INSERT,P-ThoatRua,*U159,BYLAYER,,,,,,-3730530.318,-1052561.448
9C42,ATTRIB,0,,BYLAYER,,,,"Y \U+0111\U+1EC1u, uPVC, DN125",YTIENPHONGTHOAT,-3730530.318,-1052561.448
9C43,SEQEND,P-ThoatRua,,BYLAYER,,,,,,,
9F37,INSERT,P-ThoatRua,*U164,BYLAYER,,,,,,-3730897.710,-1052463.006
9F38,ATTRIB,0,,BYLAYER,,,,"Y thu, uPVC, DN90",YTIENPHONGTHOAT,-3730897.814,-1052463.342
9F39,SEQEND,P-ThoatRua,,BYLAYER,,,,,,,
A1A5,INSERT,P-ThoatRua,*U168,BYLAYER,,,,,,-3730678.912,-1052521.632
A1A6,ATTRIB,0,,BYLAYER,,,,"Côn, uPVC, D125/90",CONTIENPHONGTHOAT,-3730686.633,-1052519.564
A1A7,SEQEND,P-ThoatRua,,BYLAYER,,,,,,,
A20A,INSERT,P-ThoatRua,*U169,BYLAYER,,,,,,-3730853.162,-1052459.829
A20B,ATTRIB,0,,BYLAYER,,,,"Ch\U+1EBFch, uPVC, DN90",CHECHDENHAT,-3730853.162,-1052460.875
A20C,SEQEND,P-ThoatRua,,BYLAYER,,,,,,,
A4BD,INSERT,P-ThoatRua,*U170,BYLAYER,,,,,,-3730662.801,-1052463.005
A4E7,ATTRIB,0,,BYLAYER,,,,"Ch\U+1EBFch, uPVC, DN90",CHECHDENHAT,-3730662.801,-1052461.959
A4E8,SEQEND,P-ThoatRua,,BYLAYER,,,,,,,
A622,INSERT,P-ThoatRua,*U171,BYLAYER,,,,,,-3730665.978,-1052418.458
A64C,ATTRIB,0,,BYLAYER,,,,"Ch\U+1EBFch, uPVC, DN90",CHECHDENHAT,-3730664.931,-1052418.458
A64D,SEQEND,P-ThoatRua,,BYLAYER,,,,,,,
B67D,INSERT,P-ThoatRua,B_HienTrang,BYLAYER,,,,,,4132.273,815.917
C3EE,INSERT,P-ThoatRua,*U185,BYLAYER,,,,,,-3731204.785,-1054846.208
C419,ATTRIB,0,,BYLAYER,,,,"Ch\U+1EBFch, uPVC, DN125",CHECHDENHAT,-3731204.785,-1054846.160
C41A,SEQEND,P-ThoatRua,,BYLAYER,,,,,,,
CEAF,CIRCLE,DCCD-nuoclanh,,BYLAYER,,,70.000,,,-3730964.840,-1044797.601
CEBA,INSERT,P-ThoatRua,*U186,BYLAYER,,,,,,-3730530.318,-1052435.828
CEE5,ATTRIB,0,,BYLAYER,,,,"Ch\U+1EBFch, uPVC, DN125",CHECHDENHAT,-3730531.455,-1052435.921
CEE6,SEQEND,P-ThoatRua,,BYLAYER,,,,,,,
CFB9,INSERT,P-ThoatRua,*U187,BYLAYER,,,,,,-3730530.318,-1052492.395
CFE4,ATTRIB,0,,BYLAYER,,,,"Ch\U+1EBFch, uPVC, DN125",CHECHDENHAT,-3730531.455,-1052492.489
CFE5,SEQEND,P-ThoatRua,,BYLAYER,,,,,,,
D0B6,LWPOLYLINE,P-ThoatRua,,BYLAYER,,1,,,,,
D0C0,MULTILEADER,Leader,,BYLAYER,,,,SP-uPVC-D110;I=1%,,-3728348.142,-1057307.613
D0C5,MULTILEADER,Leader,,BYLAYER,,,,SP-uPVC-D140;I=1%,,-3728348.142,-1057783.949
D0C8,MULTILEADER,Leader,,BYLAYER,,,,WP-uPVC-D125;I=1%,,-3728348.142,-1058260.286
D0CE,DIMENSION,A.DIM,,BYLAYER,,,,,,-3728593.119,-1055267.582
D158,DIMENSION,A.DIM,,BYLAYER,,,,,,-3728940.942,-1055068.061
D18C,DIMENSION,A.DIM,,BYLAYER,,,,,,-3729288.766,-1054808.490
D1A4,DIMENSION,A.DIM,,BYLAYER,,,,,,-3729636.589,-1054612.610
D28D,DIMENSION,A.DIM,,BYLAYER,,,,,,-3730811.365,-1055860.347
D2A5,DIMENSION,A.DIM,,BYLAYER,,,,,,-3730666.112,-1056179.186
D2BD,DIMENSION,A.DIM,,BYLAYER,,,,,,-3730516.733,-1056498.025
D2D5,DIMENSION,A.DIM,,BYLAYER,,,,,,-3730381.277,-1056816.863
D43B,DIMENSION,A.DIM,,BYLAYER,,,,,,-3729636.589,-1052410.303
D454,DIMENSION,A.DIM,,BYLAYER,,,,,,-3729288.766,-1052410.924
D46C,DIMENSION,A.DIM,,BYLAYER,,,,,,-3728940.942,-1052410.303
D484,DIMENSION,A.DIM,,BYLAYER,,,,,,-3728593.119,-1052526.552
D564,INSERT,P-ThoatXi,*U201,BYLAYER,,,,,,-3715528.520,-1054427.423
D578,INSERT,P-ThoatXi,*U202,BYLAYER,,,,,,-3715328.520,-1054427.423
D731,INSERT,P-ThoatRua,*U203,BYLAYER,,,,,,-3715179.216,-1054427.423
D732,ATTRIB,0,,BYLAYER,,,,"Ch\U+1EBFch, uPVC, DN90",CHECHDENHAT,-3715180.263,-1054427.423
D733,SEQEND,P-ThoatRua,,BYLAYER,,,,,,,
D904,INSERT,P-ThoatRua,*U204,BYLAYER,,,,,,-3715179.217,-1054550.294
D92E,ATTRIB,0,,BYLAYER,,,,"Ch\U+1EBFch, uPVC, DN90",CHECHDENHAT,-3715180.263,-1054550.294
D92F,SEQEND,P-ThoatRua,,BYLAYER,,,,,,,
D9D9,INSERT,P-ThoatRua,*U205,BYLAYER,,,,,,-3715179.216,-1054427.423
D9FA,INSERT,P-ThoatRua,*U206,BYLAYER,,,,,,-3715179.216,-1054829.273
D9FB,ATTRIB,0,,BYLAYER,,,,"Ch\U+1EBFch, uPVC, DN90",CHECHDENHAT,-3715179.956,-1054830.013
D9FC,SEQEND,P-ThoatRua,,BYLAYER,,,,,,,
DA86,INSERT,P-ThoatRua,*U207,BYLAYER,,,,,,-3715497.033,-1055147.091
DAB0,ATTRIB,0,,BYLAYER,,,,"Ch\U+1EBFch, uPVC, DN90",CHECHDENHAT,-3715496.293,-1055146.351
DAB1,SEQEND,P-ThoatRua,,BYLAYER,,,,,,,
DDDF,INSERT,P-ThoatRua,Coupling-D90,BYLAYER,,,,,,12736.425,-640.175
DDEA,INSERT,P-ThoatRua,*U217,BYLAYER,,,,,,-3715779.216,-1054487.899
DDEB,ATTRIB,0,,BYLAYER,,,,"Ch\U+1EBFch, uPVC, DN125",CHECHDENHAT,-3715780.352,-1054487.899
DDEC,SEQEND,P-ThoatRua,,BYLAYER,,,,,,,
DEBD,INSERT,P-ThoatRua,*U218,BYLAYER,,,,,,-3715779.216,-1054545.137
DEE8,ATTRIB,0,,BYLAYER,,,,"Ch\U+1EBFch, uPVC, DN125",CHECHDENHAT,-3715780.352,-1054545.137
DEE9,SEQEND,P-ThoatRua,,BYLAYER,,,,,,,
DFC0,INSERT,P-ThoatRua,*U219,BYLAYER,,,,,,-3715779.216,-1055081.889
DFC1,ATTRIB,0,,BYLAYER,,,,"Y \U+0111\U+1EC1u, uPVC, DN125",YTIENPHONGTHOAT,-3715779.216,-1055081.889
DFC2,SEQEND,P-ThoatRua,,BYLAYER,,,,,,,
E0D3,INSERT,P-ThoatRua,*U220,BYLAYER,,,,,,-3715779.216,-1054698.021
E0FE,ATTRIB,0,,BYLAYER,,,,"Ch\U+1EBFch, uPVC, DN125",CHECHDENHAT,-3715780.353,-1054698.021
E0FF,SEQEND,P-ThoatRua,,BYLAYER,,,,,,,
E1CC,INSERT,P-ThoatRua,*U221,BYLAYER,,,,,,-3715779.216,-1054698.021
E1E4,INSERT,P-ThoatRua,*U221,BYLAYER,,,,,,-3715779.216,-1054427.423
E1EC,INSERT,P-ThoatRua,*U222,BYLAYER,,,,,,-3715779.216,-1055609.602
E20E,ATTRIB,0,,BYLAYER,,,,"Y \U+0111\U+1EC1u, uPVC, DN125",YTIENPHONGTHOAT,-3715779.122,-1055609.602
E20F,SEQEND,P-ThoatRua,,BYLAYER,,,,,,,
E31C,INSERT,P-ThoatRua,*U223,BYLAYER,,,,,,-3715981.860,-1055401.306
E32E,ATTRIB,0,,BYLAYER,,,,"Côn, uPVC, D125/90",CONTIENPHONGTHOAT,-3715989.580,-1055399.237
E32F,SEQEND,P-ThoatRua,,BYLAYER,,,,,,,
E731,INSERT,P-ThoatRua,*U236,BYLAYER,,,,,,-3716103.071,-1055285.747
E732,ATTRIB,0,,BYLAYER,,,,"Y thu, uPVC, DN90",YTIENPHONGTHOAT,-3716102.832,-1055286.005
E733,SEQEND,P-ThoatRua,,BYLAYER,,,,,,,
E814,INSERT,P-ThoatRua,*U207,BYLAYER,,,,,,-3716103.071,-1055048.848
E815,ATTRIB,0,,BYLAYER,,,,"Ch\U+1EBFch, uPVC, DN90",CHECHDENHAT,-3716102.331,-1055048.108
E816,SEQEND,P-ThoatRua,,BYLAYER,,,,,,,
E94B,INSERT,P-ThoatRua,Co80(DN),BYLAYER,,,,,,-3716177.105,-1055211.713
E94C,INSERT,P-ThoatRua,*U246,BYLAYER,,,,,,-3715897.316,-1054843.093
E976,ATTRIB,0,,BYLAYER,,,,"Ch\U+1EBFch, uPVC, DN90",CHECHDENHAT,-3715897.316,-1054843.070
E977,SEQEND,P-ThoatRua,,BYLAYER,,,,,,,
E978,DIMENSION,A.DIM,,BYLAYER,,,,,,-3716666.766,-1054427.423
EA06,INSERT,P-ThoatRua,*U248,BYLAYER,,,,,,-3715894.139,-1054471.970
EA30,ATTRIB,0,,BYLAYER,,,,"Ch\U+1EBFch, uPVC, DN90",CHECHDENHAT,-3715895.185,-1054471.970
EA31,SEQEND,P-ThoatRua,,BYLAYER,,,,,,,
EA32,INSERT,P-ThoatRua,*U247,BYLAYER,,,,,,-3715893.825,-1054514.029
EA5C,ATTRIB,0,,BYLAYER,,,,"Ch\U+1EBFch, uPVC, DN90",CHECHDENHAT,-3715894.871,-1054514.029
EA5D,SEQEND,P-ThoatRua,,BYLAYER,,,,,,,
EA5E,INSERT,P-ThoatRua,*U205,BYLAYER,,,,,,-3715897.316,-1054427.423
EB2C,MULTILEADER,Leader,,BYLAYER,,,,WP-uPVC-D90;I=1%,,-3714979.079,-1055386.685
EB2E,MULTILEADER,Leader,,BYLAYER,,,,WP-uPVC-D125;I=1%,,-3714979.079,-1055796.412
EB30,MULTILEADER,Leader,,BYLAYER,,,,SP-uPVC-D110;I=1%,,-3714979.079,-1054718.617
EB31,MULTILEADER,Leader,,BYLAYER,,,,SP-uPVC-D140;I=1%,,-3714979.079,-1054131.462
EB36,LWPOLYLINE,P-ThoatRua,,BYLAYER,,0,,,,,
EB46,HATCH,P-ThoatRua,ANSI31,8,,,,,,,
EB48,MULTILEADER,Leader,,BYLAYER,,,,WP-uPVC-D90;I=1%,,-3714979.079,-1054924.850
EC31,LWPOLYLINE,P-ThoatRua,,BYLAYER,,0,,,,,
EC32,LWPOLYLINE,P-ThoatRua,,BYLAYER,,0,,,,,
ED75,INSERT,P-ThoatXi,*U201,BYLAYER,,,,,,-3730928.460,-1044689.332
ED8A,INSERT,P-ThoatXi,*U259,BYLAYER,,,,,,-3730777.806,-1044975.066
EDBD,ATTRIB,0,,BYLAYER,,,,"Ch\U+1EBFch, uPVC, DN110",CHECHDENHAT,-3730777.775,-1044975.157
EDBE,SEQEND,P-ThoatXi,,BYLAYER,,,,,,,
EFEE,INSERT,P-ThoatXi,*U249,BYLAYER,,,,,,-3730964.840,-1044797.601
F01B,ATTRIB,0,,BYLAYER,,,,"Ch\U+1EBFch, uPVC, DN140",CHECHDENHAT,-3730965.184,-1044796.452
F01C,SEQEND,P-ThoatXi,,BYLAYER,,,,,,,
F18F,INSERT,P-ThoatXi,*U250,BYLAYER,,,,,,-3730958.312,-1044870.140
F1BC,ATTRIB,0,,BYLAYER,,,,"Ch\U+1EBFch, uPVC, DN140",CHECHDENHAT,-3730957.130,-1044869.940
F1BD,SEQEND,P-ThoatXi,,BYLAYER,,,,,,,
F430,INSERT,P-ThoatXi,*U258,BYLAYER,,,,,,-3730803.293,-1044762.613
F431,ATTRIB,0,,BYLAYER,,,,"Y thu, uPVC, DN125/110",YTIENPHONGTHOAT,-3730803.293,-1044762.613
F432,SEQEND,P-ThoatXi,,BYLAYER,,,,,,,
FB3E,INSERT,P-ThoatXi,*U260,BYLAYER,,,,,,-3730770.261,-1045052.271
FB71,ATTRIB,0,,BYLAYER,,,,"Ch\U+1EBFch, uPVC, DN110",CHECHDENHAT,-3730770.288,-1045052.180
FB72,SEQEND,P-ThoatXi,,BYLAYER,,,,,,,
FC92,INSERT,P-ThoatXi,*U261,BYLAYER,,,,,,-3730765.460,-1045117.487
FCC5,ATTRIB,0,,BYLAYER,,,,"Ch\U+1EBFch, uPVC, DN110",CHECHDENHAT,-3730765.488,-1045117.395
FCC6,SEQEND,P-ThoatXi,,BYLAYER,,,,,,,
FDCB,INSERT,P-ThoatXi,*U262,BYLAYER,,,,,,-3730865.607,-1044726.131
FDCC,ATTRIB,0,,BYLAYER,,,,"Ch\U+1EBFch, uPVC, DN140",CHECHDENHAT,-3730866.211,-1044727.162
FDCD,SEQEND,P-ThoatXi,,BYLAYER,,,,,,,
FECE,INSERT,P-ThoatXi,*U263,BYLAYER,,,,,,-3730803.293,-1044762.613
FEFB,ATTRIB,0,,BYLAYER,,,,"Ch\U+1EBFch, uPVC, DN140",CHECHDENHAT,-3730802.689,-1044761.582
FEFC,SEQEND,P-ThoatXi,,BYLAYER,,,,,,,
10073,INSERT,P-ThoatXi,*U264,BYLAYER,,,,,,-3730955.778,-1044898.297
100A0,ATTRIB,0,,BYLAYER,,,,"Ch\U+1EBFch, uPVC, DN140",CHECHDENHAT,-3730956.969,-1044898.404
100A1,SEQEND,P-ThoatXi,,BYLAYER,,,,,,,
102DD,INSERT,P-ThoatXi,*U265,BYLAYER,,,,,,-3730874.475,-1044778.030
1030A,ATTRIB,0,,BYLAYER,,,,"Ch\U+1EBFch, uPVC, DN140",CHECHDENHAT,-3730874.130,-1044779.178
1030B,SEQEND,P-ThoatXi,,BYLAYER,,,,,,,
12382,INSERT,P-ThoatRua,*U290,BYLAYER,,,,,,-3730703.487,-1044614.855
123AD,ATTRIB,0,,BYLAYER,,,,"Ch\U+1EBFch, uPVC, DN125",CHECHDENHAT,-3730703.301,-1044615.980
123AE,SEQEND,P-ThoatRua,,BYLAYER,,,,,,,
1256D,INSERT,P-ThoatRua,*U291,BYLAYER,,,,,,-3730861.512,-1044627.887
12598,ATTRIB,0,,BYLAYER,,,,"Ch\U+1EBFch, uPVC, DN125",CHECHDENHAT,-3730861.326,-1044629.011
12599,SEQEND,P-ThoatRua,,BYLAYER,,,,,,,
126FD,INSERT,P-ThoatRua,*U292,BYLAYER,,,,,,-3731029.779,-1044640.089
12728,ATTRIB,0,,BYLAYER,,,,"Ch\U+1EBFch, uPVC, DN125",CHECHDENHAT,-3731030.442,-1044641.017
12729,SEQEND,P-ThoatRua,,BYLAYER,,,,,,,
1281C,INSERT,P-ThoatRua,*U292,BYLAYER,,,,,,-3731159.130,-1044792.822
12847,ATTRIB,0,,BYLAYER,,,,"Ch\U+1EBFch, uPVC, DN125",CHECHDENHAT,-3731158.944,-1044793.947
12848,SEQEND,P-ThoatRua,,BYLAYER,,,,,,,
1284A,INSERT,P-ThoatRua,*U293,BYLAYER,,,,,,-3731120.124,-1045263.581
1286C,ATTRIB,0,,BYLAYER,,,,"Y \U+0111\U+1EC1u, uPVC, DN125",YTIENPHONGTHOAT,-3731120.124,-1045263.581
1286D,SEQEND,P-ThoatRua,,BYLAYER,,,,,,,
12AAD,INSERT,0,*U298,8,,,,,,-3730911.247,-1044907.058
12AB9,INSERT,P-ThoatRua,*U299,BYLAYER,,,,,,-3730966.823,-1045001.440
12ADB,ATTRIB,0,,BYLAYER,,,,"Y \U+0111\U+1EC1u, uPVC, DN125",YTIENPHONGTHOAT,-3730966.742,-1045001.487
12ADC,SEQEND,P-ThoatRua,,BYLAYER,,,,,,,
12F70,INSERT,P-ThoatRua,Con thu 125-42,BYLAYER,,,,,,-5717177.038,2281157.828
12F72,ATTRIB,0,,BYLAYER,,,,"Côn, uPVC, D125/90",CONTIENPHONGTHOAT,-3731061.735,-1044641.446
12F71,SEQEND,P-ThoatRua,,BYLAYER,,,,,,,
13110,INSERT,P-ThoatRua,*U313,BYLAYER,,,,,,-3731192.537,-1044184.721
13111,ATTRIB,0,,BYLAYER,,,,"Ch\U+1EBFch, uPVC, DN42",CHECHDENHAT,-3731193.431,-1044184.964
13112,SEQEND,P-ThoatRua,,BYLAYER,,,,,,,
131EF,INSERT,P-ThoatRua,*U314,BYLAYER,,,,,,-3731174.382,-1044251.561
1321C,ATTRIB,0,,BYLAYER,,,,"Ch\U+1EBFch, uPVC, DN42",CHECHDENHAT,-3731175.276,-1044251.804
1321D,SEQEND,P-ThoatRua,,BYLAYER,,,,,,,
13395,DIMENSION,A.DIM,,BYLAYER,,,,,,-3729636.589,-1044892.474
133AD,DIMENSION,A.DIM,,BYLAYER,,,,,,-3729288.766,-1044797.601
133C5,DIMENSION,A.DIM,,BYLAYER,,,,,,-3728940.942,-1044757.375
133EC,MULTILEADER,Leader,,BYLAYER,,,,WP-uPVC-D42;I=1%,,-3728865.629,-1044184.154
1377C,INSERT,0-9,A3-1-1-ISO3TGROUP,9,,,,,,-3812288.961,-1068289.509
1377D,ATTRIB,0,,BYLAYER,,,,,DD/MM/YYYY,-3772466.738,-1039252.472
1377E,ATTRIB,0,,BYLAYER,,,,,...........HDTV,-3772466.738,-1038941.361
1377F,ATTRIB,0,,BYLAYER,,,,              3/2023,XX/YY/ZZZZ,-3771844.516,-1067356.176
13780,ATTRIB,0,,BYLAYER,,,,CTN-01,KHBV,-3772639.578,-1066733.954
13781,ATTRIB,0,,BYLAYER,,,,,TENBANVE1,-3774028.983,-1064939.687
13783,ATTRIB,0,,BYLAYER,,,,,KIENTRUC1-ARCHITECTURE,-3772345.373,-1062050.951
13785,ATTRIB,0,,BYLAYER,,,,KTS. TÔ XUÂN SANG,VE2,-3774353.799,-1061556.297
13787,ATTRIB,0,,BYLAYER,,,,KTS. LÊ THANH LONG,VE1,-3774353.799,-1060000.796
13789,ATTRIB,0,,BYLAYER,,,,KTS. LÊ TR\U+1ECCNG HI\U+1EBEU,THIETKE,-3774353.799,-1058432.982
1378B,ATTRIB,0,,BYLAYER,,,,KTS. LÊ TR\U+1ECCNG HI\U+1EBEU,CHUTRIBOMON,-3774353.799,-1056877.427
1378D,ATTRIB,0,,BYLAYER,,,,,CHUNHIEM,-3774333.405,-1055310.210
1378F,SEQEND,0-9,,9,,,,,,,
13792,INSERT,P-ThoatXi,*U201,BYLAYER,,,,,,-3766577.717,-1054427.423
1379A,INSERT,P-ThoatXi,*U202,BYLAYER,,,,,,-3766377.717,-1054427.423
137A2,INSERT,P-ThoatRua,*U203,BYLAYER,,,,,,-3766228.413,-1054427.423
137CC,ATTRIB,0,,BYLAYER,,,,"Ch\U+1EBFch, uPVC, DN90",CHECHDENHAT,-3766229.460,-1054427.423
137CD,SEQEND,P-ThoatRua,,BYLAYER,,,,,,,
137CE,INSERT,P-ThoatRua,*U204,BYLAYER,,,,,,-3766228.414,-1054550.294
137F8,ATTRIB,0,,BYLAYER,,,,"Ch\U+1EBFch, uPVC, DN90",CHECHDENHAT,-3766229.460,-1054550.294
137F9,SEQEND,P-ThoatRua,,BYLAYER,,,,,,,
137FA,INSERT,P-ThoatRua,*U205,BYLAYER,,,,,,-3766228.413,-1054427.423
13802,INSERT,P-ThoatRua,*U206,BYLAYER,,,,,,-3766228.413,-1054829.273
1382C,ATTRIB,0,,BYLAYER,,,,"Ch\U+1EBFch, uPVC, DN90",CHECHDENHAT,-3766229.153,-1054830.013
1382D,SEQEND,P-ThoatRua,,BYLAYER,,,,,,,
1382F,INSERT,P-ThoatRua,*U207,BYLAYER,,,,,,-3766546.230,-1055147.091
13859,ATTRIB,0,,BYLAYER,,,,"Ch\U+1EBFch, uPVC, DN90",CHECHDENHAT,-3766545.490,-1055146.351
1385A,SEQEND,P-ThoatRua,,BYLAYER,,,,,,,
1385C,INSERT,P-ThoatRua,Coupling-D90,BYLAYER,,,,,,-38312.772,-640.175
1385D,INSERT,P-ThoatRua,*U217,BYLAYER,,,,,,-3766828.413,-1054487.899
13888,ATTRIB,0,,BYLAYER,,,,"Ch\U+1EBFch, uPVC, DN125",CHECHDENHAT,-3766829.549,-1054487.899
13889,SEQEND,P-ThoatRua,,BYLAYER,,,,,,,
1388A,INSERT,P-ThoatRua,*U218,BYLAYER,,,,,,-3766828.413,-1054545.137
138B5,ATTRIB,0,,BYLAYER,,,,"Ch\U+1EBFch, uPVC, DN125",CHECHDENHAT,-3766829.549,-1054545.137
138B6,SEQEND,P-ThoatRua,,BYLAYER,,,,,,,
138B7,INSERT,P-ThoatRua,*U219,BYLAYER,,,,,,-3766828.413,-1055081.889
138D9,ATTRIB,0,,BYLAYER,,,,"Y \U+0111\U+1EC1u, uPVC, DN125",YTIENPHONGTHOAT,-3766828.413,-1055081.889
138DA,SEQEND,P-ThoatRua,,BYLAYER,,,,,,,
138DB,INSERT,P-ThoatRua,*U220,BYLAYER,,,,,,-3766828.413,-1054698.021
13906,ATTRIB,0,,BYLAYER,,,,"Ch\U+1EBFch, uPVC, DN125",CHECHDENHAT,-3766829.550,-1054698.021
13907,SEQEND,P-ThoatRua,,BYLAYER,,,,,,,
13908,INSERT,P-ThoatRua,*U221,BYLAYER,,,,,,-3766828.413,-1054698.021
13910,INSERT,P-ThoatRua,*U221,BYLAYER,,,,,,-3766828.413,-1054427.423
13918,INSERT,P-ThoatRua,*U222,BYLAYER,,,,,,-3766828.413,-1055609.602
1393A,ATTRIB,0,,BYLAYER,,,,"Y \U+0111\U+1EC1u, uPVC, DN125",YTIENPHONGTHOAT,-3766828.319,-1055609.602
1393B,SEQEND,P-ThoatRua,,BYLAYER,,,,,,,
1393C,INSERT,P-ThoatRua,*U223,BYLAYER,,,,,,-3767031.057,-1055401.306
1394E,ATTRIB,0,,BYLAYER,,,,"Côn, uPVC, D125/90",CONTIENPHONGTHOAT,-3767038.777,-1055399.237
1394F,SEQEND,P-ThoatRua,,BYLAYER,,,,,,,
13950,INSERT,P-ThoatRua,*U236,BYLAYER,,,,,,-3767152.268,-1055285.747
13972,ATTRIB,0,,BYLAYER,,,,"Y thu, uPVC, DN90",YTIENPHONGTHOAT,-3767152.029,-1055286.005
13973,SEQEND,P-ThoatRua,,BYLAYER,,,,,,,
13974,INSERT,P-ThoatRua,*U207,BYLAYER,,,,,,-3767152.268,-1055048.848
1399E,ATTRIB,0,,BYLAYER,,,,"Ch\U+1EBFch, uPVC, DN90",CHECHDENHAT,-3767151.528,-1055048.108
1399F,SEQEND,P-ThoatRua,,BYLAYER,,,,,,,
139A0,INSERT,P-ThoatRua,Co80(DN),BYLAYER,,,,,,-3767226.302,-1055211.713
139A1,INSERT,P-ThoatRua,*U246,BYLAYER,,,,,,-3766946.513,-1054843.093
139CB,ATTRIB,0,,BYLAYER,,,,"Ch\U+1EBFch, uPVC, DN90",CHECHDENHAT,-3766946.513,-1054843.070
139CC,SEQEND,P-ThoatRua,,BYLAYER,,,,,,,
139CD,DIMENSION,A.DIM,,BYLAYER,,,,,,-3767715.963,-1054427.423
139D2,INSERT,P-ThoatRua,*U248,BYLAYER,,,,,,-3766943.336,-1054471.970
139FC,ATTRIB,0,,BYLAYER,,,,"Ch\U+1EBFch, uPVC, DN90",CHECHDENHAT,-3766944.382,-1054471.970
139FD,SEQEND,P-ThoatRua,,BYLAYER,,,,,,,
139FE,INSERT,P-ThoatRua,*U247,BYLAYER,,,,,,-3766943.022,-1054514.029
13A28,ATTRIB,0,,BYLAYER,,,,"Ch\U+1EBFch, uPVC, DN90",CHECHDENHAT,-3766944.068,-1054514.029
13A29,SEQEND,P-ThoatRua,,BYLAYER,,,,,,,
13A2A,INSERT,P-ThoatRua,*U205,BYLAYER,,,,,,-3766946.513,-1054427.423
13A32,MULTILEADER,Leader,,BYLAYER,,,,WP-uPVC-D90;I=1%,,-3766028.276,-1055386.685
13A33,MULTILEADER,Leader,,BYLAYER,,,,WP-uPVC-D125;I=1%,,-3766028.276,-1055796.412
13A34,MULTILEADER,Leader,,BYLAYER,,,,SP-uPVC-D110;I=1%,,-3766028.276,-1054718.617
13A35,MULTILEADER,Leader,,BYLAYER,,,,SP-uPVC-D140;I=1%,,-3766028.276,-1054131.462
13A36,LWPOLYLINE,P-ThoatRua,,BYLAYER,,0,,,,,
13A37,HATCH,P-ThoatRua,ANSI31,8,,,,,,,
13A38,MULTILEADER,Leader,,BYLAYER,,,,WP-uPVC-D90;I=1%,,-3766028.276,-1054924.850
13A39,LWPOLYLINE,P-ThoatRua,,BYLAYER,,0,,,,,
13A3A,LWPOLYLINE,P-ThoatRua,,BYLAYER,,0,,,,,
13E0A,MULTILEADER,Leader,,BYLAYER,,,,WP-uPVC-D90;I=1%,,-3781192.973,-1056831.276
1401E,INSERT,P-ThoatRua,B_HienTrang,BYLAYER,,,,,,-48712.558,815.917
140AB,MULTILEADER,Leader,,BYLAYER,,,,SP-uPVC-D110;I=1%,,-3781192.973,-1057307.613
140AC,MULTILEADER,Leader,,BYLAYER,,,,SP-uPVC-D140;I=1%,,-3781192.973,-1057783.949
140AD,MULTILEADER,Leader,,BYLAYER,,,,WP-uPVC-D125;I=1%,,-3781192.973,-1058260.286
143B8,INSERT,P-ThoatRua,*U313,BYLAYER,,,,,,-3784037.368,-1044184.721
143E5,ATTRIB,0,,BYLAYER,,,,"Ch\U+1EBFch, uPVC, DN42",CHECHDENHAT,-3784038.262,-1044184.964
143E6,SEQEND,P-ThoatRua,,BYLAYER,,,,,,,
143E7,INSERT,P-ThoatRua,*U314,BYLAYER,,,,,,-3784019.213,-1044251.561
14414,ATTRIB,0,,BYLAYER,,,,"Ch\U+1EBFch, uPVC, DN42",CHECHDENHAT,-3784020.107,-1044251.804
14415,SEQEND,P-ThoatRua,,BYLAYER,,,,,,,
1441D,MULTILEADER,Leader,,BYLAYER,,,,WP-uPVC-D42;I=1%,,-3781710.460,-1044184.154
14B0A,INSERT,P-ThoatRua,B_ThoatRua_Tang1,BYLAYER,,,,,,-3800391.458,-1064519.569
150A3,INSERT,P-ThoatRua,B_ThoatXi_Tang1,BYLAYER,,,,,,-3800391.458,-1064519.569
1614A,INSERT,RSA -HACK,B_MBT1,BYLAYER,,,,,,-3800391.458,-1072340.316
1614B,INSERT,0-9,A3-1-1-ISO3TGROUP,9,,,,,,-3812288.961,-1099089.509
1614C,ATTRIB,0,,BYLAYER,,,,,DD/MM/YYYY,-3772466.738,-1070052.472
1614D,ATTRIB,0,,BYLAYER,,,,,...........HDTV,-3772466.738,-1069741.361
1614E,ATTRIB,0,,BYLAYER,,,,              3/2023,XX/YY/ZZZZ,-3771844.516,-1098156.176
1614F,ATTRIB,0,,BYLAYER,,,,CTN-01,KHBV,-3772639.578,-1097533.954
16150,ATTRIB,0,,BYLAYER,,,,,TENBANVE1,-3774028.983,-1095739.687
16152,ATTRIB,0,,BYLAYER,,,,,KIENTRUC1-ARCHITECTURE,-3772345.373,-1092850.951
16154,ATTRIB,0,,BYLAYER,,,,KTS. TÔ XUÂN SANG,VE2,-3774353.799,-1092356.297
16156,ATTRIB,0,,BYLAYER,,,,KTS. LÊ THANH LONG,VE1,-3774353.799,-1090800.796
16158,ATTRIB,0,,BYLAYER,,,,KTS. LÊ TR\U+1ECCNG HI\U+1EBEU,THIETKE,-3774353.799,-1089232.982
1615A,ATTRIB,0,,BYLAYER,,,,KTS. LÊ TR\U+1ECCNG HI\U+1EBEU,CHUTRIBOMON,-3774353.799,-1087677.427
1615C,ATTRIB,0,,BYLAYER,,,,,CHUNHIEM,-3774333.405,-1086110.210
1615E,SEQEND,0-9,,9,,,,,,,
1615F,INSERT,P-ThoatRua,B_ThoatRua_Tang1,BYLAYER,,,,,,-3800391.458,-1095319.569
16BFE,MLINE,P-ThoatRua,,BYLAYER,,,90.000,,,-3731098.359,-1055441.406
16BFF,MLINE,P-ThoatRua,,BYLAYER,,,90.000,,,-3730279.453,-1053590.839
16C00,MLINE,P-ThoatRua,,BYLAYER,,,90.000,,,-3730228.542,-1053467.928
16C01,MLINE,P-ThoatRua,,BYLAYER,,,90.000,,,-3729967.684,-1053135.070
16C02,MLINE,P-ThoatRua,,BYLAYER,,,90.000,,,-3730372.161,-1052526.552
16C03,MLINE,P-ThoatRua,,BYLAYER,,,125.000,,,-3730911.597,-1054852.995
16C04,MLINE,P-ThoatRua,,BYLAYER,,,125.000,,,-3730666.953,-1053359.254
16C05,MLINE,P-ThoatRua,,BYLAYER,,,90.000,,,-3730897.710,-1052463.006
16C06,MLINE,P-ThoatRua,,BYLAYER,,,90.000,,,-3730662.801,-1052418.005
16C07,MLINE,P-ThoatRua,,BYLAYER,,,125.000,,,-3730530.081,-1053016.367
16C08,MLINE,P-ThoatRua,,BYLAYER,,,90.000,,,-3715179.216,-1054084.207
16C09,MLINE,P-ThoatRua,,BYLAYER,,,125.000,,,-3715779.216,-1054427.423
16C0A,MLINE,P-ThoatRua,,BYLAYER,,,90.000,,,-3715230.128,-1054880.185
16C0B,MLINE,P-ThoatRua,,BYLAYER,,,90.000,,,-3715497.033,-1054875.875
16C0C,MLINE,P-ThoatRua,,BYLAYER,,,90.000,,,-3715948.227,-1054894.004
16C0D,MLINE,P-ThoatRua,,BYLAYER,,,90.000,,,-3715897.316,-1054427.423
16C0E,MLINE,P-ThoatRua,,BYLAYER,,,125.000,,,-3730530.437,-1052321.910
16C0F,MLINE,P-ThoatRua,,BYLAYER,,,42.000,,,-3731079.666,-1044575.386
16C10,MLINE,P-ThoatRua,,BYLAYER,,,90.000,,,-3766228.413,-1054084.207
16C11,MLINE,P-ThoatRua,,BYLAYER,,,125.000,,,-3766828.413,-1054427.423
16C12,MLINE,P-ThoatRua,,BYLAYER,,,90.000,,,-3766279.325,-1054880.185
16C13,MLINE,P-ThoatRua,,BYLAYER,,,90.000,,,-3766546.230,-1054875.875
16C14,MLINE,P-ThoatRua,,BYLAYER,,,90.000,,,-3766997.424,-1054894.004
16C15,MLINE,P-ThoatRua,,BYLAYER,,,90.000,,,-3766946.513,-1054427.423
1768E,INSERT,P-ThoatRua,*U313,BYLAYER,,,,,,-3784058.241,-1074912.477
1768F,ATTRIB,0,,BYLAYER,,,,"Ch\U+1EBFch, uPVC, DN42",CHECHDENHAT,-3784059.131,-1074912.734
17690,SEQEND,P-ThoatRua,,BYLAYER,,,,,,,
1776E,INSERT,P-ThoatRua,*U314,BYLAYER,,,,,,-3784040.623,-1074973.456
1779B,ATTRIB,0,,BYLAYER,,,,"Ch\U+1EBFch, uPVC, DN42",CHECHDENHAT,-3784041.513,-1074973.713
1779C,SEQEND,P-ThoatRua,,BYLAYER,,,,,,,
17900,MULTILEADER,CT-Leader,,BYLAYER,,,,1 - y ®Òu d90,,-3784892.017,-1079446.957
18EF2,INSERT,RSA -HACK,B_MBT1,BYLAYER,,,,,,-3800391.458,-1103140.316
18EF3,INSERT,0-9,A3-1-1-ISO3TGROUP,9,,,,,,-3812288.961,-1129889.509
18EF4,ATTRIB,0,,BYLAYER,,,,,DD/MM/YYYY,-3772466.738,-1100852.472
18EF5,ATTRIB,0,,BYLAYER,,,,,...........HDTV,-3772466.738,-1100541.361
18EF6,ATTRIB,0,,BYLAYER,,,,              3/2023,XX/YY/ZZZZ,-3771844.516,-1128956.176
18EF7,ATTRIB,0,,BYLAYER,,,,CTN-01,KHBV,-3772639.578,-1128333.954
18EF8,ATTRIB,0,,BYLAYER,,,,,TENBANVE1,-3774028.983,-1126539.687
18EFA,ATTRIB,0,,BYLAYER,,,,,KIENTRUC1-ARCHITECTURE,-3772345.373,-1123650.951
18EFC,ATTRIB,0,,BYLAYER,,,,KTS. TÔ XUÂN SANG,VE2,-3774353.799,-1123156.297
18EFE,ATTRIB,0,,BYLAYER,,,,KTS. LÊ THANH LONG,VE1,-3774353.799,-1121600.796
18F00,ATTRIB,0,,BYLAYER,,,,KTS. LÊ TR\U+1ECCNG HI\U+1EBEU,THIETKE,-3774353.799,-1120032.982
18F02,ATTRIB,0,,BYLAYER,,,,KTS. LÊ TR\U+1ECCNG HI\U+1EBEU,CHUTRIBOMON,-3774353.799,-1118477.427
18F04,ATTRIB,0,,BYLAYER,,,,,CHUNHIEM,-3774333.405,-1116910.210
18F06,SEQEND,0-9,,9,,,,,,,
18F07,INSERT,P-ThoatRua,B_ThoatXi_Tang1,BYLAYER,,,,,,-3800391.458,-1126119.569
18F09,MLINE,P-ThoatXi,,BYLAYER,,,110.000,,,-3730389.453,-1053536.871
18F0A,MLINE,P-ThoatXi,,BYLAYER,,,110.000,,,-3731139.929,-1055285.340
18F0B,MLINE,P-ThoatXi,,BYLAYER,,,110.000,,,-3730606.733,-1055285.340
18F0C,MLINE,P-ThoatXi,,BYLAYER,,,140.000,,,-3730524.453,-1053459.335
18F0D,MLINE,P-ThoatXi,,BYLAYER,,,140.000,,,-3730766.112,-1055049.674
18F0E,MLINE,P-ThoatXi,,BYLAYER,,,110.000,,,-3730325.814,-1053383.231
18F0F,MLINE,P-ThoatXi,,BYLAYER,,,110.000,,,-3730119.627,-1053083.364
18F10,MLINE,P-ThoatXi,,BYLAYER,,,140.000,,,-3730454.822,-1053289.716
18F11,MLINE,P-ThoatXi,,BYLAYER,,,140.000,,,-3730291.694,-1053022.272
18F12,MLINE,P-ThoatXi,,BYLAYER,,,140.000,,,-3730317.013,-1052410.924
18F13,MLINE,P-ThoatXi,,BYLAYER,,,110.000,,,-3730147.763,-1052410.303
1D63C,DIMENSION,A.DIM,,BYLAYER,,,,,,-3785065.828,-1075414.855
1D656,DIMENSION,A.DIM,,BYLAYER,,,,,,-3785065.828,-1075424.555
1D695,DIMENSION,A.DIM,,BYLAYER,,,,,,-3785065.828,-1081520.536
1D6AF,DIMENSION,A.DIM,,BYLAYER,,,,,,-3785065.828,-1085652.995
1D7C4,DIMENSION,A.DIM,,BYLAYER,,,,,,-3784739.509,-1112257.077
1D7DE,DIMENSION,A.DIM,,BYLAYER,,,,,,-3784739.509,-1116649.911
1D8BB,DIMENSION,A.DIM,,BYLAYER,,,,,,-3785943.522,-1112415.311
1D8DF,DIMENSION,A.DIM,,BYLAYER,,,,,,-3785943.522,-1106431.027
1D924,DIMENSION,A.DIM,,BYLAYER,,,,,,-3783311.839,-1117720.679
1D956,DIMENSION,A.DIM,,BYLAYER,,,,,,-3782422.023,-1086241.406
1D970,DIMENSION,A.DIM,,BYLAYER,,,,,,-3783139.841,-1086947.662
1D9F4,DIMENSION,A.DIM,,BYLAYER,,,,,,-3782940.734,-1080299.609
1DA92,LWPOLYLINE,P-ThoatRua,,BYLAYER,,1,,,,,
1DA9A,LWPOLYLINE,P-ThoatRua,,BYLAYER,,1,,,,,
1F1D9,LWPOLYLINE,P-ThoatRua,,BYLAYER,,1,,,,,
1F1DA,MULTILEADER,CT-Leader,,BYLAYER,,,,3 - y ®Òu d90\P1 - n¾p th¨m d90\P1 - c«n thu d90-42\P8 - chÕch d125\P3 - y gi¶m d125-90\P2 - c«n thu d125-90\P11 - chÕch d110\P1 - n¾p th¨m d90\P1 - c«n thu d90-42\P6 - chÕch d140\P25 - y gi¶m d140-110\P1 - c«n thu d140-110,,-3789474.557,-1043034.143
1F1F0,LWPOLYLINE,P-ThoatRua,,BYLAYER,,1,,,,,
1F1F2,MULTILEADER,CT-Leader,,BYLAYER,,,,chi tiÕt trôc ®øng - 1,,-3787585.690,-1048386.810
